,Hindi,English,Science,Maths,History,Geograpgy,Total,Results,Div,Result
0,65.0,10.0,59.0,3.0,71.0,37.0,245.0,0.0,3,1
1,94.0,56.0,4.0,67.0,91.0,50.0,362.0,1.0,1,1
2,7.0,85.0,76.0,99.0,60.0,25.0,352.0,0.0,2,1
3,88.0,46.0,59.0,94.0,52.0,38.0,377.0,1.0,1,1
4,39.0,81.0,37.0,38.0,6.0,54.0,255.0,1.0,3,1
5,51.0,43.0,14.0,53.0,64.0,59.0,284.0,1.0,2,1
6,73.0,48.0,6.0,38.0,50.0,21.0,236.0,0.0,3,1
7,18.0,23.0,97.0,65.0,15.0,20.0,238.0,0.0,3,1
8,15.0,64.0,14.0,43.0,59.0,59.0,254.0,0.0,3,1
9,53.0,85.0,96.0,76.0,83.0,62.0,455.0,1.0,1,1
10,61.0,17.0,16.0,16.0,20.0,48.0,178.0,0.0,0,0
11,49.0,10.0,81.0,13.0,39.0,86.0,278.0,0.0,2,1
12,21.0,24.0,83.0,93.0,93.0,28.0,342.0,0.0,2,1
13,93.0,57.0,6.0,94.0,23.0,84.0,357.0,0.0,2,1
14,44.0,6.0,72.0,59.0,40.0,6.0,227.0,0.0,3,1
15,52.0,55.0,39.0,93.0,58.0,46.0,343.0,1.0,2,1
16,16.0,7.0,47.0,29.0,89.0,16.0,204.0,0.0,3,1
17,93.0,86.0,36.0,39.0,26.0,78.0,358.0,1.0,2,1
18,88.0,72.0,43.0,32.0,61.0,2.0,298.0,0.0,2,1
19,38.0,46.0,55.0,86.0,92.0,3.0,320.0,1.0,2,1
20,87.0,47.0,31.0,35.0,79.0,57.0,336.0,1.0,2,1
21,77.0,5.0,95.0,8.0,21.0,52.0,258.0,0.0,3,1
22,6.0,44.0,8.0,62.0,13.0,29.0,162.0,0.0,0,0
23,16.0,78.0,56.0,74.0,34.0,12.0,270.0,0.0,0,1
24,83.0,86.0,42.0,14.0,39.0,40.0,304.0,1.0,2,1
25,51.0,75.0,8.0,7.0,35.0,2.0,178.0,0.0,0,0
26,72.0,30.0,11.0,65.0,67.0,6.0,251.0,0.0,3,1
27,1.0,16.0,93.0,94.0,13.0,63.0,280.0,0.0,2,1
28,8.0,7.0,60.0,95.0,36.0,79.0,285.0,0.0,2,1
29,93.0,41.0,42.0,98.0,72.0,84.0,430.0,1.0,1,1
30,73.0,67.0,41.0,75.0,4.0,15.0,275.0,0.0,2,1
31,57.0,1.0,48.0,64.0,38.0,72.0,280.0,1.0,2,1
32,22.0,51.0,9.0,14.0,76.0,22.0,194.0,0.0,0,0
33,29.0,32.0,66.0,29.0,88.0,26.0,270.0,0.0,0,1
34,91.0,75.0,94.0,18.0,20.0,35.0,333.0,0.0,2,1
35,29.0,29.0,83.0,45.0,82.0,59.0,327.0,0.0,2,1
36,84.0,67.0,78.0,98.0,27.0,72.0,426.0,1.0,1,1
37,66.0,87.0,33.0,66.0,54.0,28.0,334.0,0.0,2,1
38,29.0,75.0,50.0,77.0,40.0,53.0,324.0,1.0,2,1
39,31.0,35.0,90.0,73.0,40.0,47.0,316.0,1.0,2,1
40,10.0,80.0,8.0,56.0,13.0,94.0,261.0,0.0,3,1
41,72.0,94.0,21.0,33.0,74.0,69.0,363.0,0.0,1,1
42,66.0,87.0,16.0,23.0,89.0,80.0,361.0,0.0,1,1
43,55.0,15.0,24.0,1.0,25.0,97.0,217.0,0.0,3,1
44,30.0,41.0,40.0,45.0,74.0,58.0,288.0,1.0,2,1
45,33.0,13.0,30.0,2.0,3.0,22.0,103.0,0.0,0,0
46,61.0,76.0,62.0,34.0,7.0,31.0,271.0,0.0,2,1
47,96.0,69.0,25.0,48.0,55.0,84.0,377.0,1.0,1,1
48,5.0,33.0,98.0,88.0,17.0,94.0,335.0,0.0,2,1
49,16.0,40.0,31.0,47.0,77.0,32.0,243.0,0.0,3,1
50,44.0,97.0,54.0,12.0,34.0,8.0,249.0,0.0,3,1
51,94.0,73.0,93.0,73.0,20.0,4.0,357.0,0.0,2,1
52,36.0,90.0,8.0,85.0,93.0,42.0,354.0,1.0,2,1
53,14.0,82.0,97.0,51.0,48.0,47.0,339.0,1.0,2,1
54,83.0,33.0,74.0,33.0,23.0,43.0,289.0,0.0,2,1
55,4.0,53.0,69.0,94.0,25.0,57.0,302.0,0.0,2,1
56,78.0,81.0,96.0,1.0,60.0,28.0,344.0,0.0,2,1
57,23.0,11.0,48.0,34.0,15.0,67.0,198.0,0.0,0,0
58,96.0,53.0,60.0,90.0,14.0,90.0,403.0,1.0,1,1
59,17.0,26.0,8.0,66.0,0.0,38.0,155.0,0.0,0,0
60,50.0,66.0,41.0,99.0,89.0,94.0,439.0,1.0,1,1
61,84.0,41.0,40.0,75.0,41.0,57.0,338.0,1.0,2,1
62,50.0,86.0,18.0,70.0,17.0,85.0,326.0,0.0,2,1
63,18.0,90.0,17.0,48.0,37.0,48.0,258.0,0.0,3,1
64,23.0,43.0,40.0,15.0,97.0,57.0,275.0,0.0,2,1
65,27.0,92.0,28.0,43.0,71.0,0.0,261.0,0.0,3,1
66,21.0,66.0,72.0,29.0,66.0,7.0,261.0,0.0,3,1
67,80.0,37.0,9.0,6.0,1.0,17.0,150.0,0.0,0,0
68,4.0,78.0,2.0,21.0,60.0,4.0,169.0,0.0,0,0
69,80.0,29.0,73.0,65.0,38.0,83.0,368.0,1.0,1,1
70,37.0,62.0,23.0,54.0,98.0,92.0,366.0,1.0,1,1
71,71.0,67.0,43.0,56.0,1.0,56.0,294.0,1.0,2,1
72,76.0,82.0,23.0,14.0,0.0,23.0,218.0,0.0,3,1
73,73.0,23.0,82.0,27.0,60.0,29.0,294.0,0.0,2,1
74,75.0,93.0,14.0,31.0,70.0,81.0,364.0,0.0,1,1
75,98.0,45.0,93.0,21.0,40.0,95.0,392.0,1.0,1,1
76,74.0,82.0,12.0,78.0,56.0,57.0,359.0,1.0,2,1
77,54.0,60.0,59.0,65.0,71.0,16.0,325.0,1.0,2,1
78,59.0,46.0,45.0,34.0,12.0,27.0,223.0,0.0,3,1
79,78.0,48.0,5.0,20.0,25.0,59.0,235.0,0.0,3,1
80,97.0,42.0,21.0,71.0,70.0,32.0,333.0,0.0,2,1
81,77.0,87.0,4.0,49.0,26.0,37.0,280.0,0.0,2,1
82,53.0,72.0,73.0,94.0,39.0,6.0,337.0,1.0,2,1
83,52.0,33.0,22.0,10.0,40.0,83.0,240.0,0.0,3,1
84,53.0,70.0,7.0,20.0,47.0,81.0,278.0,0.0,2,1
85,58.0,66.0,92.0,70.0,79.0,50.0,415.0,1.0,1,1
86,92.0,10.0,52.0,88.0,24.0,89.0,355.0,0.0,2,1
87,64.0,84.0,76.0,72.0,25.0,45.0,366.0,1.0,1,1
88,23.0,36.0,24.0,48.0,19.0,83.0,233.0,0.0,3,1
89,63.0,68.0,8.0,62.0,79.0,29.0,309.0,0.0,2,1
90,76.0,17.0,57.0,76.0,1.0,38.0,265.0,0.0,3,1
91,54.0,93.0,21.0,16.0,10.0,30.0,224.0,0.0,3,1
92,76.0,96.0,35.0,37.0,65.0,69.0,378.0,1.0,1,1
93,68.0,26.0,95.0,43.0,2.0,24.0,258.0,0.0,3,1
94,5.0,56.0,54.0,43.0,43.0,41.0,242.0,1.0,3,1
95,82.0,39.0,28.0,3.0,8.0,72.0,232.0,0.0,3,1
96,68.0,40.0,71.0,97.0,20.0,80.0,376.0,1.0,1,1
97,28.0,98.0,47.0,61.0,35.0,19.0,288.0,0.0,2,1
98,78.0,83.0,41.0,38.0,90.0,7.0,337.0,1.0,2,1
99,33.0,80.0,69.0,29.0,91.0,82.0,384.0,0.0,1,1
100,95.0,27.0,73.0,2.0,46.0,18.0,261.0,0.0,3,1
101,65.0,35.0,61.0,65.0,12.0,54.0,292.0,1.0,2,1
102,96.0,13.0,99.0,46.0,23.0,84.0,361.0,0.0,1,1
103,87.0,65.0,96.0,69.0,22.0,81.0,420.0,1.0,1,1
104,7.0,20.0,27.0,0.0,84.0,13.0,151.0,0.0,0,0
105,97.0,79.0,22.0,16.0,20.0,91.0,325.0,0.0,2,1
106,15.0,4.0,18.0,23.0,58.0,20.0,138.0,0.0,0,0
107,44.0,71.0,73.0,34.0,39.0,29.0,290.0,1.0,2,1
108,57.0,60.0,7.0,63.0,95.0,40.0,322.0,1.0,2,1
109,55.0,19.0,23.0,47.0,33.0,20.0,197.0,0.0,0,0
110,13.0,20.0,82.0,61.0,91.0,34.0,301.0,0.0,2,1
111,52.0,82.0,79.0,47.0,6.0,98.0,364.0,1.0,1,1
112,61.0,53.0,90.0,7.0,94.0,89.0,394.0,1.0,1,1
113,76.0,76.0,94.0,36.0,1.0,73.0,356.0,1.0,2,1
114,38.0,25.0,10.0,14.0,34.0,84.0,205.0,0.0,3,1
115,84.0,22.0,5.0,57.0,83.0,80.0,331.0,0.0,2,1
116,47.0,83.0,64.0,81.0,25.0,59.0,359.0,1.0,2,1
117,48.0,74.0,50.0,73.0,29.0,36.0,310.0,1.0,2,1
118,75.0,90.0,15.0,89.0,76.0,98.0,443.0,1.0,1,1
119,69.0,46.0,76.0,27.0,12.0,41.0,271.0,0.0,2,1
120,90.0,32.0,66.0,2.0,91.0,70.0,351.0,0.0,2,1
121,27.0,75.0,10.0,22.0,30.0,89.0,253.0,0.0,3,1
122,12.0,60.0,0.0,40.0,3.0,70.0,185.0,0.0,0,0
123,5.0,36.0,23.0,65.0,61.0,73.0,263.0,0.0,3,1
124,45.0,32.0,37.0,82.0,1.0,42.0,239.0,0.0,3,1
125,79.0,1.0,82.0,28.0,69.0,19.0,278.0,0.0,2,1
126,62.0,7.0,86.0,34.0,46.0,45.0,280.0,1.0,2,1
127,60.0,74.0,20.0,34.0,23.0,83.0,294.0,0.0,2,1
128,12.0,4.0,3.0,97.0,2.0,62.0,180.0,0.0,0,0
129,15.0,97.0,41.0,24.0,54.0,38.0,269.0,0.0,3,1
130,55.0,48.0,79.0,59.0,88.0,30.0,359.0,1.0,2,1
131,45.0,5.0,92.0,53.0,63.0,17.0,275.0,0.0,2,1
132,92.0,9.0,3.0,36.0,53.0,63.0,256.0,0.0,3,1
133,2.0,81.0,55.0,34.0,46.0,38.0,256.0,1.0,3,1
134,65.0,62.0,29.0,4.0,42.0,0.0,202.0,0.0,3,1
135,31.0,65.0,74.0,3.0,6.0,86.0,265.0,0.0,3,1
136,64.0,35.0,90.0,38.0,38.0,14.0,279.0,1.0,2,1
137,43.0,81.0,44.0,51.0,20.0,60.0,299.0,1.0,2,1
138,63.0,20.0,38.0,32.0,20.0,55.0,228.0,0.0,3,1
139,79.0,56.0,57.0,61.0,54.0,37.0,344.0,1.0,2,1
140,24.0,17.0,63.0,82.0,93.0,97.0,376.0,0.0,1,1
141,51.0,2.0,17.0,43.0,60.0,56.0,229.0,0.0,3,1
142,71.0,43.0,8.0,26.0,10.0,4.0,162.0,0.0,0,0
143,13.0,19.0,29.0,21.0,60.0,6.0,148.0,0.0,0,0
144,22.0,68.0,91.0,88.0,50.0,97.0,416.0,1.0,1,1
145,32.0,24.0,94.0,85.0,74.0,84.0,393.0,0.0,1,1
146,51.0,86.0,84.0,59.0,53.0,18.0,351.0,1.0,2,1
147,4.0,30.0,79.0,21.0,17.0,40.0,191.0,0.0,0,0
148,19.0,35.0,52.0,50.0,94.0,69.0,319.0,1.0,2,1
149,87.0,96.0,61.0,56.0,74.0,86.0,460.0,1.0,1,1
150,53.0,87.0,47.0,80.0,56.0,11.0,334.0,1.0,2,1
151,82.0,62.0,96.0,37.0,79.0,71.0,427.0,1.0,1,1
152,83.0,52.0,68.0,55.0,29.0,26.0,313.0,0.0,2,1
153,62.0,96.0,48.0,20.0,23.0,33.0,282.0,0.0,2,1
154,86.0,37.0,38.0,81.0,76.0,37.0,355.0,1.0,2,1
155,95.0,13.0,19.0,49.0,50.0,76.0,302.0,0.0,2,1
156,12.0,14.0,87.0,63.0,49.0,88.0,313.0,0.0,2,1
157,81.0,75.0,72.0,84.0,43.0,67.0,422.0,1.0,1,1
158,13.0,91.0,43.0,9.0,42.0,92.0,290.0,0.0,2,1
159,85.0,91.0,13.0,32.0,45.0,22.0,288.0,0.0,2,1
160,51.0,28.0,82.0,17.0,39.0,26.0,243.0,0.0,3,1
161,73.0,1.0,75.0,8.0,74.0,23.0,254.0,0.0,3,1
162,72.0,22.0,48.0,32.0,70.0,61.0,305.0,0.0,2,1
163,7.0,83.0,75.0,63.0,90.0,30.0,348.0,0.0,2,1
164,90.0,64.0,33.0,9.0,89.0,1.0,286.0,0.0,2,1
165,54.0,57.0,21.0,68.0,25.0,36.0,261.0,0.0,3,1
166,31.0,44.0,7.0,27.0,84.0,8.0,201.0,0.0,3,1
167,44.0,33.0,24.0,6.0,21.0,74.0,202.0,0.0,3,1
168,3.0,59.0,71.0,78.0,72.0,68.0,351.0,1.0,2,1
169,8.0,82.0,39.0,61.0,10.0,71.0,271.0,0.0,2,1
170,42.0,96.0,58.0,26.0,43.0,6.0,271.0,0.0,2,1
171,66.0,8.0,32.0,17.0,13.0,12.0,148.0,0.0,0,0
172,3.0,7.0,71.0,59.0,52.0,68.0,260.0,0.0,3,1
173,3.0,54.0,42.0,30.0,72.0,28.0,229.0,0.0,3,1
174,49.0,86.0,89.0,22.0,43.0,94.0,383.0,1.0,1,1
175,28.0,23.0,95.0,83.0,14.0,53.0,296.0,0.0,2,1
176,39.0,54.0,96.0,20.0,50.0,75.0,334.0,1.0,2,1
177,94.0,44.0,87.0,48.0,19.0,73.0,365.0,1.0,1,1
178,44.0,53.0,3.0,33.0,22.0,11.0,166.0,0.0,0,0
179,33.0,18.0,42.0,32.0,62.0,75.0,262.0,0.0,3,1
180,61.0,51.0,40.0,8.0,87.0,7.0,254.0,0.0,3,1
181,20.0,98.0,52.0,11.0,85.0,25.0,291.0,0.0,2,1
182,17.0,21.0,27.0,48.0,48.0,61.0,222.0,0.0,3,1
183,76.0,48.0,10.0,76.0,21.0,79.0,310.0,0.0,2,1
184,55.0,10.0,0.0,62.0,88.0,44.0,259.0,0.0,3,1
185,87.0,41.0,16.0,72.0,67.0,9.0,292.0,0.0,2,1
186,31.0,91.0,69.0,0.0,34.0,8.0,233.0,0.0,3,1
187,89.0,7.0,69.0,9.0,81.0,54.0,309.0,0.0,2,1
188,87.0,35.0,12.0,27.0,60.0,50.0,271.0,0.0,2,1
189,65.0,91.0,29.0,96.0,84.0,98.0,463.0,1.0,1,1
190,50.0,52.0,41.0,51.0,79.0,89.0,362.0,1.0,1,1
191,91.0,57.0,79.0,71.0,59.0,44.0,401.0,1.0,1,1
192,81.0,39.0,99.0,90.0,80.0,89.0,478.0,1.0,1,1
193,43.0,31.0,5.0,60.0,79.0,29.0,247.0,0.0,3,1
194,40.0,36.0,41.0,87.0,28.0,13.0,245.0,0.0,3,1
195,86.0,76.0,32.0,25.0,99.0,72.0,390.0,0.0,1,1
196,60.0,43.0,62.0,3.0,90.0,62.0,320.0,1.0,2,1
197,12.0,59.0,84.0,19.0,58.0,56.0,288.0,0.0,2,1
198,13.0,44.0,34.0,33.0,45.0,48.0,217.0,0.0,3,1
199,98.0,11.0,93.0,42.0,93.0,6.0,343.0,0.0,2,1
200,40.0,41.0,71.0,5.0,2.0,35.0,194.0,0.0,0,0
201,72.0,19.0,57.0,70.0,43.0,85.0,346.0,1.0,2,1
202,97.0,29.0,47.0,74.0,87.0,49.0,383.0,1.0,1,1
203,61.0,31.0,46.0,30.0,81.0,19.0,268.0,0.0,3,1
204,37.0,87.0,51.0,64.0,37.0,29.0,305.0,1.0,2,1
205,33.0,15.0,33.0,89.0,20.0,30.0,220.0,0.0,3,1
206,78.0,58.0,82.0,16.0,78.0,89.0,401.0,1.0,1,1
207,7.0,27.0,65.0,80.0,31.0,85.0,295.0,0.0,2,1
208,58.0,12.0,82.0,10.0,1.0,17.0,180.0,0.0,0,0
209,98.0,16.0,48.0,40.0,91.0,81.0,374.0,1.0,1,1
210,76.0,98.0,13.0,32.0,2.0,41.0,262.0,0.0,3,1
211,36.0,0.0,17.0,43.0,84.0,92.0,272.0,0.0,2,1
212,76.0,50.0,96.0,54.0,34.0,35.0,345.0,1.0,2,1
213,39.0,21.0,13.0,23.0,63.0,97.0,256.0,0.0,3,1
214,56.0,20.0,57.0,65.0,12.0,18.0,228.0,0.0,3,1
215,50.0,13.0,42.0,10.0,32.0,19.0,166.0,0.0,0,0
216,86.0,94.0,2.0,82.0,88.0,17.0,369.0,0.0,1,1
217,8.0,25.0,24.0,18.0,28.0,0.0,103.0,0.0,0,0
218,72.0,51.0,31.0,31.0,7.0,32.0,224.0,0.0,3,1
219,91.0,87.0,25.0,49.0,65.0,97.0,414.0,1.0,1,1
220,69.0,34.0,73.0,28.0,71.0,39.0,314.0,1.0,2,1
221,70.0,76.0,10.0,6.0,70.0,35.0,267.0,0.0,3,1
222,83.0,42.0,53.0,78.0,24.0,71.0,351.0,1.0,2,1
223,93.0,26.0,99.0,89.0,14.0,89.0,410.0,0.0,1,1
224,8.0,81.0,76.0,76.0,17.0,60.0,318.0,0.0,2,1
225,21.0,35.0,26.0,35.0,24.0,47.0,188.0,0.0,0,0
226,91.0,64.0,15.0,43.0,34.0,54.0,301.0,1.0,2,1
227,80.0,34.0,97.0,63.0,3.0,85.0,362.0,1.0,1,1
228,49.0,55.0,14.0,17.0,59.0,38.0,232.0,0.0,3,1
229,93.0,49.0,91.0,40.0,86.0,75.0,434.0,1.0,1,1
230,7.0,49.0,11.0,35.0,49.0,90.0,241.0,0.0,3,1
231,36.0,90.0,25.0,27.0,93.0,50.0,321.0,0.0,2,1
232,40.0,58.0,96.0,40.0,57.0,29.0,320.0,1.0,2,1
233,12.0,5.0,53.0,70.0,99.0,47.0,286.0,0.0,2,1
234,73.0,11.0,62.0,59.0,80.0,99.0,384.0,1.0,1,1
235,59.0,37.0,94.0,75.0,44.0,55.0,364.0,1.0,1,1
236,36.0,88.0,83.0,5.0,5.0,76.0,293.0,0.0,2,1
237,53.0,61.0,70.0,28.0,83.0,44.0,339.0,1.0,2,1
238,59.0,15.0,80.0,44.0,61.0,85.0,344.0,1.0,2,1
239,73.0,34.0,58.0,88.0,6.0,12.0,271.0,0.0,2,1
240,56.0,79.0,78.0,12.0,7.0,51.0,283.0,0.0,2,1
241,89.0,48.0,7.0,16.0,73.0,42.0,275.0,0.0,2,1
242,96.0,93.0,89.0,38.0,93.0,49.0,458.0,1.0,1,1
243,3.0,35.0,38.0,49.0,62.0,83.0,270.0,1.0,0,1
244,14.0,41.0,43.0,0.0,49.0,33.0,180.0,0.0,0,0
245,99.0,68.0,50.0,89.0,97.0,47.0,450.0,1.0,1,1
246,40.0,74.0,29.0,75.0,64.0,47.0,329.0,1.0,2,1
247,89.0,70.0,13.0,1.0,44.0,99.0,316.0,0.0,2,1
248,48.0,9.0,29.0,68.0,1.0,94.0,249.0,0.0,3,1
249,17.0,14.0,36.0,75.0,95.0,75.0,312.0,0.0,2,1
250,10.0,48.0,32.0,21.0,36.0,17.0,164.0,0.0,0,0
251,77.0,99.0,78.0,57.0,73.0,53.0,437.0,1.0,1,1
252,50.0,64.0,33.0,87.0,95.0,59.0,388.0,1.0,1,1
253,7.0,83.0,15.0,50.0,88.0,30.0,273.0,0.0,2,1
254,17.0,22.0,72.0,6.0,95.0,58.0,270.0,0.0,0,1
255,62.0,56.0,51.0,51.0,94.0,74.0,388.0,1.0,1,1
256,60.0,8.0,60.0,75.0,55.0,79.0,337.0,1.0,2,1
257,46.0,97.0,6.0,28.0,35.0,56.0,268.0,0.0,3,1
258,25.0,76.0,73.0,3.0,92.0,96.0,365.0,0.0,1,1
259,84.0,0.0,59.0,53.0,21.0,45.0,262.0,0.0,3,1
260,0.0,31.0,68.0,93.0,82.0,93.0,367.0,0.0,1,1
261,40.0,88.0,85.0,22.0,52.0,52.0,339.0,1.0,2,1
262,45.0,77.0,44.0,16.0,88.0,31.0,301.0,0.0,2,1
263,69.0,66.0,6.0,36.0,72.0,24.0,273.0,0.0,2,1
264,68.0,55.0,29.0,34.0,13.0,95.0,294.0,0.0,2,1
265,26.0,76.0,37.0,24.0,90.0,44.0,297.0,0.0,2,1
266,89.0,39.0,41.0,76.0,60.0,84.0,389.0,1.0,1,1
267,78.0,72.0,71.0,51.0,65.0,46.0,383.0,1.0,1,1
268,22.0,96.0,30.0,33.0,95.0,22.0,298.0,0.0,2,1
269,48.0,48.0,96.0,3.0,55.0,63.0,313.0,1.0,2,1
270,37.0,63.0,55.0,62.0,55.0,66.0,338.0,1.0,2,1
271,1.0,51.0,46.0,33.0,28.0,83.0,242.0,0.0,3,1
272,78.0,67.0,3.0,57.0,45.0,7.0,257.0,0.0,3,1
273,39.0,6.0,44.0,24.0,43.0,15.0,171.0,0.0,0,0
274,21.0,8.0,35.0,9.0,83.0,96.0,252.0,0.0,3,1
275,44.0,14.0,6.0,10.0,27.0,40.0,141.0,0.0,0,0
276,44.0,5.0,81.0,52.0,64.0,17.0,263.0,0.0,3,1
277,65.0,64.0,73.0,29.0,19.0,54.0,304.0,0.0,2,1
278,68.0,34.0,55.0,38.0,77.0,39.0,311.0,1.0,2,1
279,27.0,72.0,51.0,89.0,86.0,65.0,390.0,1.0,1,1
280,92.0,85.0,34.0,27.0,69.0,67.0,374.0,1.0,1,1
281,42.0,81.0,33.0,85.0,45.0,29.0,315.0,0.0,2,1
282,64.0,42.0,36.0,45.0,78.0,9.0,274.0,1.0,2,1
283,58.0,16.0,41.0,36.0,66.0,62.0,279.0,1.0,2,1
284,6.0,67.0,28.0,58.0,9.0,23.0,191.0,0.0,0,0
285,50.0,79.0,60.0,8.0,15.0,36.0,248.0,0.0,3,1
286,39.0,19.0,65.0,90.0,89.0,5.0,307.0,0.0,2,1
287,70.0,52.0,75.0,10.0,14.0,8.0,229.0,0.0,3,1
288,70.0,59.0,35.0,69.0,80.0,22.0,335.0,1.0,2,1
289,4.0,97.0,33.0,32.0,95.0,37.0,298.0,0.0,2,1
290,27.0,53.0,14.0,52.0,36.0,51.0,233.0,0.0,3,1
291,71.0,64.0,28.0,32.0,4.0,10.0,209.0,0.0,3,1
292,4.0,8.0,82.0,58.0,3.0,65.0,220.0,0.0,3,1
293,64.0,20.0,34.0,37.0,55.0,74.0,284.0,1.0,2,1
294,60.0,19.0,3.0,17.0,15.0,36.0,150.0,0.0,0,0
295,21.0,36.0,36.0,82.0,1.0,39.0,215.0,0.0,3,1
296,19.0,39.0,55.0,85.0,65.0,39.0,302.0,1.0,2,1
297,78.0,61.0,25.0,13.0,48.0,82.0,307.0,0.0,2,1
298,73.0,41.0,83.0,36.0,65.0,28.0,326.0,1.0,2,1
299,7.0,20.0,1.0,30.0,75.0,5.0,138.0,0.0,0,0
300,86.0,35.0,66.0,33.0,53.0,62.0,335.0,1.0,2,1
301,51.0,8.0,43.0,13.0,58.0,2.0,175.0,0.0,0,0
302,60.0,94.0,36.0,33.0,6.0,52.0,281.0,0.0,2,1
303,94.0,67.0,32.0,51.0,64.0,73.0,381.0,1.0,1,1
304,36.0,58.0,96.0,27.0,68.0,24.0,309.0,0.0,2,1
305,7.0,93.0,47.0,27.0,52.0,94.0,320.0,0.0,2,1
306,73.0,85.0,52.0,65.0,84.0,50.0,409.0,1.0,1,1
307,96.0,60.0,96.0,1.0,38.0,1.0,292.0,0.0,2,1
308,1.0,49.0,67.0,65.0,42.0,61.0,285.0,1.0,2,1
309,99.0,33.0,32.0,18.0,50.0,48.0,280.0,0.0,2,1
310,76.0,38.0,30.0,94.0,30.0,69.0,337.0,0.0,2,1
311,3.0,67.0,81.0,59.0,33.0,84.0,327.0,0.0,2,1
312,49.0,84.0,28.0,51.0,48.0,42.0,302.0,1.0,2,1
313,88.0,10.0,61.0,43.0,90.0,93.0,385.0,1.0,1,1
314,82.0,8.0,87.0,17.0,12.0,32.0,238.0,0.0,3,1
315,24.0,26.0,86.0,76.0,64.0,6.0,282.0,0.0,2,1
316,59.0,93.0,31.0,55.0,99.0,92.0,429.0,1.0,1,1
317,94.0,94.0,30.0,41.0,17.0,49.0,325.0,0.0,2,1
318,97.0,49.0,84.0,41.0,89.0,74.0,434.0,1.0,1,1
319,20.0,18.0,42.0,51.0,20.0,75.0,226.0,0.0,3,1
320,16.0,26.0,63.0,51.0,93.0,64.0,313.0,0.0,2,1
321,93.0,96.0,22.0,96.0,28.0,80.0,415.0,0.0,1,1
322,75.0,15.0,94.0,18.0,3.0,50.0,255.0,0.0,3,1
323,72.0,30.0,75.0,98.0,49.0,38.0,362.0,1.0,1,1
324,50.0,65.0,58.0,60.0,36.0,66.0,335.0,1.0,2,1
325,68.0,24.0,21.0,45.0,47.0,88.0,293.0,0.0,2,1
326,1.0,16.0,69.0,71.0,27.0,83.0,267.0,0.0,3,1
327,16.0,30.0,50.0,95.0,19.0,60.0,270.0,0.0,0,1
328,65.0,4.0,33.0,6.0,3.0,11.0,122.0,0.0,0,0
329,92.0,28.0,99.0,25.0,91.0,80.0,415.0,0.0,1,1
330,35.0,2.0,22.0,59.0,99.0,24.0,241.0,0.0,3,1
331,6.0,61.0,0.0,27.0,9.0,78.0,181.0,0.0,0,0
332,92.0,26.0,56.0,69.0,75.0,56.0,374.0,1.0,1,1
333,30.0,29.0,61.0,6.0,64.0,64.0,254.0,0.0,3,1
334,21.0,40.0,43.0,69.0,21.0,14.0,208.0,0.0,3,1
335,89.0,14.0,57.0,18.0,2.0,99.0,279.0,0.0,2,1
336,55.0,57.0,22.0,93.0,85.0,8.0,320.0,0.0,2,1
337,81.0,83.0,84.0,66.0,55.0,62.0,431.0,1.0,1,1
338,68.0,40.0,54.0,87.0,47.0,61.0,357.0,1.0,2,1
339,98.0,61.0,13.0,56.0,42.0,51.0,321.0,1.0,2,1
340,79.0,19.0,72.0,89.0,99.0,13.0,371.0,0.0,1,1
341,64.0,73.0,77.0,42.0,90.0,51.0,397.0,1.0,1,1
342,40.0,7.0,6.0,61.0,44.0,41.0,199.0,0.0,3,0
343,88.0,79.0,45.0,87.0,18.0,6.0,323.0,0.0,2,1
344,94.0,53.0,65.0,50.0,92.0,0.0,354.0,1.0,2,1
345,43.0,7.0,58.0,77.0,66.0,50.0,301.0,1.0,2,1
346,33.0,79.0,72.0,29.0,64.0,73.0,350.0,0.0,2,1
347,99.0,27.0,88.0,83.0,63.0,26.0,386.0,0.0,1,1
348,22.0,42.0,68.0,98.0,52.0,33.0,315.0,0.0,2,1
349,70.0,40.0,45.0,30.0,10.0,99.0,294.0,0.0,2,1
350,26.0,18.0,32.0,79.0,43.0,33.0,231.0,0.0,3,1
351,98.0,89.0,41.0,51.0,79.0,86.0,444.0,1.0,1,1
352,32.0,19.0,14.0,76.0,97.0,63.0,301.0,0.0,2,1
353,62.0,72.0,83.0,76.0,46.0,17.0,356.0,1.0,2,1
354,68.0,50.0,57.0,78.0,47.0,6.0,306.0,1.0,2,1
355,88.0,38.0,70.0,76.0,30.0,47.0,349.0,1.0,2,1
356,2.0,35.0,69.0,36.0,34.0,38.0,214.0,1.0,3,1
357,47.0,10.0,88.0,81.0,7.0,7.0,240.0,0.0,3,1
358,96.0,22.0,97.0,35.0,98.0,82.0,430.0,1.0,1,1
359,48.0,32.0,89.0,22.0,13.0,84.0,288.0,0.0,2,1
360,65.0,32.0,72.0,8.0,95.0,37.0,309.0,0.0,2,1
361,48.0,88.0,26.0,69.0,67.0,86.0,384.0,1.0,1,1
362,11.0,66.0,63.0,76.0,89.0,81.0,386.0,1.0,1,1
363,46.0,13.0,46.0,33.0,34.0,37.0,209.0,0.0,3,1
364,18.0,57.0,17.0,55.0,54.0,75.0,276.0,0.0,2,1
365,58.0,46.0,77.0,48.0,58.0,90.0,377.0,1.0,1,1
366,94.0,53.0,79.0,36.0,48.0,48.0,358.0,1.0,2,1
367,2.0,14.0,28.0,38.0,83.0,26.0,191.0,0.0,0,0
368,40.0,59.0,13.0,48.0,66.0,14.0,240.0,0.0,3,1
369,43.0,41.0,4.0,15.0,77.0,90.0,270.0,0.0,0,1
370,22.0,32.0,36.0,90.0,15.0,29.0,224.0,0.0,3,1
371,63.0,7.0,96.0,27.0,39.0,14.0,246.0,0.0,3,1
372,6.0,54.0,1.0,15.0,54.0,49.0,179.0,0.0,0,0
373,67.0,48.0,85.0,53.0,41.0,50.0,344.0,1.0,2,1
374,66.0,61.0,30.0,61.0,42.0,85.0,345.0,1.0,2,1
375,48.0,58.0,98.0,67.0,87.0,44.0,402.0,1.0,1,1
376,73.0,22.0,31.0,23.0,17.0,2.0,168.0,0.0,0,0
377,11.0,82.0,31.0,35.0,2.0,85.0,246.0,0.0,3,1
378,85.0,46.0,22.0,82.0,12.0,71.0,318.0,0.0,2,1
379,96.0,41.0,97.0,68.0,50.0,76.0,428.0,1.0,1,1
380,22.0,31.0,60.0,52.0,99.0,55.0,319.0,0.0,2,1
381,28.0,95.0,22.0,38.0,27.0,24.0,234.0,0.0,3,1
382,88.0,19.0,49.0,17.0,36.0,50.0,259.0,0.0,3,1
383,13.0,52.0,11.0,77.0,95.0,57.0,305.0,0.0,2,1
384,61.0,20.0,18.0,5.0,6.0,6.0,116.0,0.0,0,0
385,55.0,51.0,41.0,41.0,25.0,46.0,259.0,1.0,3,1
386,48.0,95.0,60.0,18.0,80.0,87.0,388.0,1.0,1,1
387,1.0,63.0,66.0,31.0,3.0,24.0,188.0,0.0,0,0
388,4.0,6.0,94.0,14.0,97.0,20.0,235.0,0.0,3,1
389,3.0,20.0,0.0,38.0,65.0,28.0,154.0,0.0,0,0
390,88.0,59.0,36.0,73.0,5.0,18.0,279.0,0.0,2,1
391,94.0,15.0,6.0,73.0,46.0,64.0,298.0,0.0,2,1
392,35.0,28.0,25.0,32.0,96.0,51.0,267.0,0.0,3,1
393,52.0,60.0,41.0,1.0,20.0,88.0,262.0,0.0,3,1
394,34.0,70.0,74.0,26.0,51.0,80.0,335.0,1.0,2,1
395,44.0,26.0,42.0,34.0,94.0,33.0,273.0,0.0,2,1
396,85.0,10.0,49.0,70.0,51.0,60.0,325.0,1.0,2,1
397,70.0,27.0,91.0,37.0,5.0,58.0,288.0,0.0,2,1
398,86.0,24.0,8.0,21.0,86.0,21.0,246.0,0.0,3,1
399,72.0,56.0,64.0,64.0,19.0,62.0,337.0,1.0,2,1
400,20.0,43.0,50.0,70.0,35.0,27.0,245.0,0.0,3,1
401,27.0,80.0,10.0,58.0,29.0,63.0,267.0,0.0,3,1
402,47.0,75.0,1.0,5.0,36.0,77.0,241.0,0.0,3,1
403,4.0,65.0,45.0,79.0,89.0,47.0,329.0,1.0,2,1
404,95.0,71.0,26.0,35.0,45.0,3.0,275.0,0.0,2,1
405,34.0,91.0,44.0,77.0,95.0,79.0,420.0,1.0,1,1
406,57.0,59.0,14.0,90.0,37.0,30.0,287.0,0.0,2,1
407,29.0,72.0,84.0,10.0,57.0,67.0,319.0,0.0,2,1
408,80.0,98.0,36.0,71.0,18.0,86.0,389.0,1.0,1,1
409,83.0,0.0,37.0,60.0,76.0,43.0,299.0,1.0,2,1
410,91.0,50.0,1.0,91.0,10.0,4.0,247.0,0.0,3,1
411,65.0,69.0,4.0,53.0,11.0,66.0,268.0,0.0,3,1
412,80.0,50.0,32.0,20.0,58.0,38.0,278.0,0.0,2,1
413,27.0,92.0,15.0,28.0,76.0,64.0,302.0,0.0,2,1
414,53.0,47.0,63.0,38.0,77.0,89.0,367.0,1.0,1,1
415,60.0,46.0,45.0,90.0,96.0,79.0,416.0,1.0,1,1
416,26.0,53.0,75.0,88.0,44.0,36.0,322.0,1.0,2,1
417,70.0,34.0,27.0,67.0,55.0,29.0,282.0,0.0,2,1
418,37.0,88.0,9.0,1.0,38.0,53.0,226.0,0.0,3,1
419,59.0,84.0,84.0,23.0,5.0,37.0,292.0,0.0,2,1
420,98.0,54.0,97.0,85.0,54.0,25.0,413.0,1.0,1,1
421,6.0,57.0,72.0,32.0,16.0,37.0,220.0,0.0,3,1
422,96.0,84.0,93.0,88.0,50.0,25.0,436.0,1.0,1,1
423,37.0,19.0,41.0,2.0,99.0,67.0,265.0,0.0,3,1
424,32.0,57.0,94.0,13.0,73.0,27.0,296.0,0.0,2,1
425,29.0,25.0,12.0,45.0,93.0,69.0,273.0,0.0,2,1
426,23.0,79.0,53.0,61.0,30.0,93.0,339.0,0.0,2,1
427,44.0,23.0,49.0,85.0,64.0,10.0,275.0,0.0,2,1
428,51.0,43.0,86.0,24.0,43.0,68.0,315.0,1.0,2,1
429,75.0,38.0,51.0,34.0,84.0,44.0,326.0,1.0,2,1
430,11.0,48.0,9.0,58.0,99.0,50.0,275.0,0.0,2,1
431,43.0,41.0,90.0,40.0,23.0,68.0,305.0,1.0,2,1
432,44.0,40.0,58.0,43.0,29.0,92.0,306.0,1.0,2,1
433,53.0,89.0,73.0,25.0,52.0,25.0,317.0,0.0,2,1
434,1.0,84.0,85.0,62.0,56.0,43.0,331.0,1.0,2,1
435,77.0,76.0,22.0,35.0,1.0,14.0,225.0,0.0,3,1
436,23.0,25.0,13.0,27.0,59.0,11.0,158.0,0.0,0,0
437,89.0,23.0,76.0,83.0,1.0,93.0,365.0,0.0,1,1
438,55.0,19.0,63.0,64.0,8.0,80.0,289.0,0.0,2,1
439,11.0,87.0,18.0,27.0,90.0,50.0,283.0,0.0,2,1
440,8.0,92.0,42.0,57.0,70.0,59.0,328.0,1.0,2,1
441,94.0,70.0,30.0,77.0,11.0,39.0,321.0,0.0,2,1
442,84.0,74.0,47.0,16.0,78.0,66.0,365.0,1.0,1,1
443,81.0,24.0,10.0,25.0,44.0,65.0,249.0,0.0,3,1
444,63.0,32.0,94.0,2.0,41.0,2.0,234.0,0.0,3,1
445,71.0,48.0,30.0,25.0,8.0,82.0,264.0,0.0,3,1
446,26.0,77.0,97.0,26.0,6.0,84.0,316.0,0.0,2,1
447,38.0,37.0,70.0,9.0,28.0,72.0,254.0,0.0,3,1
448,35.0,90.0,3.0,86.0,24.0,93.0,331.0,0.0,2,1
449,57.0,25.0,9.0,99.0,39.0,48.0,277.0,0.0,2,1
450,12.0,1.0,54.0,71.0,26.0,49.0,213.0,0.0,3,1
451,66.0,80.0,56.0,82.0,94.0,26.0,404.0,1.0,1,1
452,85.0,85.0,82.0,23.0,52.0,80.0,407.0,1.0,1,1
453,58.0,44.0,67.0,62.0,10.0,12.0,253.0,0.0,3,1
454,32.0,82.0,75.0,57.0,44.0,1.0,291.0,0.0,2,1
455,19.0,42.0,55.0,93.0,59.0,1.0,269.0,0.0,3,1
456,72.0,46.0,65.0,24.0,35.0,45.0,287.0,1.0,2,1
457,82.0,2.0,5.0,43.0,20.0,64.0,216.0,0.0,3,1
458,68.0,74.0,84.0,27.0,25.0,98.0,376.0,0.0,1,1
459,81.0,47.0,90.0,50.0,45.0,9.0,322.0,1.0,2,1
460,58.0,12.0,63.0,41.0,89.0,25.0,288.0,0.0,2,1
461,32.0,63.0,20.0,63.0,87.0,11.0,276.0,0.0,2,1
462,27.0,39.0,55.0,32.0,47.0,52.0,252.0,0.0,3,1
463,92.0,6.0,60.0,14.0,56.0,41.0,269.0,0.0,3,1
464,42.0,69.0,3.0,64.0,44.0,55.0,277.0,1.0,2,1
465,52.0,97.0,10.0,62.0,20.0,12.0,253.0,0.0,3,1
466,56.0,6.0,92.0,92.0,25.0,29.0,300.0,0.0,2,1
467,24.0,22.0,41.0,16.0,29.0,16.0,148.0,0.0,0,0
468,94.0,79.0,31.0,89.0,79.0,13.0,385.0,0.0,1,1
469,12.0,70.0,12.0,55.0,80.0,0.0,229.0,0.0,3,1
470,27.0,87.0,94.0,92.0,14.0,28.0,342.0,0.0,2,1
471,94.0,17.0,62.0,71.0,21.0,27.0,292.0,0.0,2,1
472,5.0,36.0,2.0,67.0,5.0,92.0,207.0,0.0,3,1
473,0.0,47.0,11.0,7.0,77.0,90.0,232.0,0.0,3,1
474,72.0,77.0,25.0,90.0,41.0,88.0,393.0,1.0,1,1
475,94.0,98.0,56.0,53.0,87.0,24.0,412.0,1.0,1,1
476,97.0,84.0,28.0,64.0,49.0,88.0,410.0,1.0,1,1
477,96.0,87.0,48.0,44.0,38.0,43.0,356.0,1.0,2,1
478,14.0,82.0,76.0,46.0,69.0,96.0,383.0,1.0,1,1
479,29.0,26.0,94.0,73.0,82.0,46.0,350.0,0.0,2,1
480,52.0,51.0,43.0,53.0,92.0,73.0,364.0,1.0,1,1
481,87.0,45.0,72.0,15.0,34.0,18.0,271.0,0.0,2,1
482,68.0,17.0,11.0,71.0,50.0,64.0,281.0,0.0,2,1
483,78.0,65.0,24.0,53.0,14.0,2.0,236.0,0.0,3,1
484,29.0,15.0,16.0,96.0,52.0,56.0,264.0,0.0,3,1
485,47.0,19.0,22.0,45.0,63.0,99.0,295.0,0.0,2,1
486,94.0,82.0,8.0,88.0,21.0,35.0,328.0,0.0,2,1
487,85.0,42.0,77.0,57.0,73.0,29.0,363.0,1.0,1,1
488,54.0,98.0,0.0,6.0,22.0,65.0,245.0,0.0,3,1
489,12.0,54.0,10.0,55.0,29.0,73.0,233.0,0.0,3,1
490,70.0,66.0,89.0,10.0,40.0,81.0,356.0,1.0,2,1
491,40.0,30.0,38.0,52.0,82.0,62.0,304.0,1.0,2,1
492,47.0,10.0,13.0,34.0,44.0,59.0,207.0,0.0,3,1
493,57.0,70.0,10.0,40.0,7.0,90.0,274.0,0.0,2,1
494,21.0,2.0,13.0,98.0,21.0,84.0,239.0,0.0,3,1
495,63.0,69.0,30.0,11.0,85.0,36.0,294.0,0.0,2,1
496,38.0,38.0,53.0,53.0,53.0,33.0,268.0,1.0,3,1
497,21.0,24.0,53.0,26.0,62.0,94.0,280.0,0.0,2,1
498,62.0,82.0,54.0,70.0,48.0,33.0,349.0,1.0,2,1
499,10.0,49.0,52.0,79.0,20.0,95.0,305.0,0.0,2,1
500,47.0,85.0,23.0,85.0,12.0,83.0,335.0,0.0,2,1
501,16.0,35.0,62.0,42.0,99.0,0.0,254.0,0.0,3,1
502,81.0,73.0,42.0,37.0,95.0,46.0,374.0,1.0,1,1
503,52.0,17.0,82.0,10.0,77.0,18.0,256.0,0.0,3,1
504,26.0,50.0,62.0,95.0,35.0,46.0,314.0,1.0,2,1
505,73.0,3.0,95.0,96.0,43.0,64.0,374.0,1.0,1,1
506,7.0,35.0,88.0,15.0,22.0,46.0,213.0,0.0,3,1
507,89.0,11.0,86.0,84.0,71.0,21.0,362.0,0.0,1,1
508,62.0,79.0,19.0,37.0,17.0,78.0,292.0,0.0,2,1
509,77.0,43.0,11.0,70.0,63.0,73.0,337.0,1.0,2,1
510,15.0,35.0,31.0,42.0,37.0,75.0,235.0,0.0,3,1
511,62.0,90.0,33.0,89.0,60.0,47.0,381.0,1.0,1,1
512,89.0,77.0,71.0,56.0,9.0,19.0,321.0,0.0,2,1
513,3.0,47.0,66.0,24.0,25.0,16.0,181.0,0.0,0,0
514,37.0,17.0,4.0,90.0,57.0,1.0,206.0,0.0,3,1
515,20.0,23.0,61.0,18.0,71.0,38.0,231.0,0.0,3,1
516,49.0,85.0,50.0,4.0,40.0,67.0,295.0,1.0,2,1
517,96.0,68.0,83.0,20.0,49.0,80.0,396.0,1.0,1,1
518,97.0,20.0,12.0,32.0,84.0,62.0,307.0,0.0,2,1
519,34.0,7.0,14.0,75.0,40.0,29.0,199.0,0.0,3,0
520,97.0,82.0,20.0,89.0,45.0,74.0,407.0,1.0,1,1
521,58.0,2.0,62.0,29.0,51.0,30.0,232.0,0.0,3,1
522,74.0,13.0,59.0,38.0,65.0,11.0,260.0,0.0,3,1
523,15.0,6.0,79.0,40.0,28.0,20.0,188.0,0.0,0,0
524,1.0,20.0,63.0,23.0,21.0,28.0,156.0,0.0,0,0
525,81.0,27.0,69.0,67.0,49.0,27.0,320.0,0.0,2,1
526,60.0,63.0,4.0,19.0,57.0,52.0,255.0,0.0,3,1
527,31.0,20.0,8.0,89.0,95.0,52.0,295.0,0.0,2,1
528,23.0,91.0,39.0,38.0,3.0,91.0,285.0,0.0,2,1
529,1.0,75.0,15.0,23.0,17.0,56.0,187.0,0.0,0,0
530,50.0,29.0,26.0,59.0,20.0,25.0,209.0,0.0,3,1
531,36.0,92.0,84.0,53.0,28.0,93.0,386.0,1.0,1,1
532,88.0,91.0,97.0,93.0,94.0,42.0,505.0,1.0,1,1
533,62.0,44.0,41.0,6.0,90.0,23.0,266.0,0.0,3,1
534,70.0,71.0,76.0,20.0,67.0,67.0,371.0,1.0,1,1
535,2.0,50.0,96.0,64.0,45.0,76.0,333.0,1.0,2,1
536,19.0,74.0,69.0,93.0,76.0,89.0,420.0,1.0,1,1
537,47.0,59.0,34.0,70.0,83.0,15.0,308.0,1.0,2,1
538,58.0,91.0,14.0,87.0,62.0,23.0,335.0,0.0,2,1
539,88.0,76.0,84.0,40.0,67.0,73.0,428.0,1.0,1,1
540,18.0,33.0,94.0,61.0,7.0,52.0,265.0,0.0,3,1
541,3.0,70.0,6.0,13.0,53.0,77.0,222.0,0.0,3,1
542,5.0,91.0,61.0,41.0,23.0,88.0,309.0,0.0,2,1
543,4.0,64.0,4.0,47.0,6.0,53.0,178.0,0.0,0,0
544,48.0,78.0,34.0,16.0,39.0,58.0,273.0,1.0,2,1
545,69.0,43.0,64.0,59.0,34.0,95.0,364.0,1.0,1,1
546,78.0,83.0,68.0,43.0,76.0,85.0,433.0,1.0,1,1
547,91.0,38.0,68.0,40.0,41.0,5.0,283.0,1.0,2,1
548,5.0,6.0,60.0,38.0,69.0,60.0,238.0,0.0,3,1
549,79.0,77.0,93.0,49.0,47.0,16.0,361.0,1.0,1,1
550,43.0,46.0,95.0,23.0,4.0,18.0,229.0,0.0,3,1
551,88.0,43.0,35.0,73.0,99.0,42.0,380.0,1.0,1,1
552,71.0,48.0,1.0,98.0,90.0,17.0,325.0,0.0,2,1
553,75.0,72.0,76.0,97.0,30.0,99.0,449.0,1.0,1,1
554,22.0,55.0,57.0,6.0,72.0,89.0,301.0,0.0,2,1
555,66.0,45.0,85.0,89.0,33.0,12.0,330.0,0.0,2,1
556,13.0,45.0,99.0,90.0,88.0,65.0,400.0,1.0,1,1
557,85.0,88.0,39.0,97.0,31.0,15.0,355.0,0.0,2,1
558,31.0,77.0,66.0,63.0,83.0,14.0,334.0,0.0,2,1
559,57.0,54.0,80.0,77.0,29.0,24.0,321.0,0.0,2,1
560,53.0,66.0,88.0,37.0,32.0,33.0,309.0,0.0,2,1
561,15.0,87.0,5.0,37.0,75.0,10.0,229.0,0.0,3,1
562,32.0,65.0,11.0,25.0,1.0,43.0,177.0,0.0,0,0
563,68.0,31.0,37.0,22.0,63.0,88.0,309.0,0.0,2,1
564,54.0,51.0,35.0,83.0,58.0,53.0,334.0,1.0,2,1
565,95.0,98.0,78.0,98.0,23.0,70.0,462.0,1.0,1,1
566,55.0,13.0,10.0,3.0,82.0,11.0,174.0,0.0,0,0
567,66.0,37.0,59.0,63.0,33.0,36.0,294.0,1.0,2,1
568,31.0,76.0,11.0,14.0,86.0,65.0,283.0,0.0,2,1
569,83.0,19.0,55.0,82.0,47.0,45.0,331.0,1.0,2,1
570,17.0,13.0,87.0,82.0,89.0,13.0,301.0,0.0,2,1
571,95.0,82.0,52.0,59.0,1.0,94.0,383.0,1.0,1,1
572,58.0,47.0,21.0,20.0,24.0,20.0,190.0,0.0,0,0
573,89.0,90.0,99.0,90.0,63.0,36.0,467.0,1.0,1,1
574,53.0,79.0,43.0,94.0,49.0,26.0,344.0,1.0,2,1
575,34.0,23.0,31.0,49.0,98.0,44.0,279.0,0.0,2,1
576,32.0,60.0,92.0,10.0,52.0,79.0,325.0,0.0,2,1
577,37.0,76.0,63.0,80.0,53.0,49.0,358.0,1.0,2,1
578,92.0,85.0,96.0,39.0,51.0,35.0,398.0,1.0,1,1
579,0.0,78.0,50.0,26.0,34.0,71.0,259.0,0.0,3,1
580,70.0,19.0,65.0,9.0,37.0,14.0,214.0,0.0,3,1
581,77.0,29.0,52.0,7.0,39.0,80.0,284.0,0.0,2,1
582,88.0,84.0,40.0,85.0,40.0,17.0,354.0,1.0,2,1
583,23.0,39.0,34.0,96.0,41.0,51.0,284.0,1.0,2,1
584,93.0,6.0,69.0,36.0,40.0,65.0,309.0,1.0,2,1
585,53.0,28.0,6.0,66.0,10.0,62.0,225.0,0.0,3,1
586,32.0,1.0,12.0,22.0,41.0,1.0,109.0,0.0,0,0
587,95.0,32.0,99.0,99.0,13.0,49.0,387.0,0.0,1,1
588,73.0,43.0,25.0,4.0,99.0,36.0,280.0,0.0,2,1
589,77.0,97.0,20.0,76.0,26.0,20.0,316.0,0.0,2,1
590,79.0,18.0,76.0,23.0,6.0,28.0,230.0,0.0,3,1
591,97.0,55.0,88.0,59.0,35.0,38.0,372.0,1.0,1,1
592,76.0,22.0,0.0,76.0,71.0,65.0,310.0,0.0,2,1
593,96.0,75.0,46.0,50.0,59.0,27.0,353.0,1.0,2,1
594,89.0,25.0,11.0,25.0,92.0,52.0,294.0,0.0,2,1
595,34.0,97.0,93.0,92.0,0.0,31.0,347.0,0.0,2,1
596,67.0,54.0,21.0,88.0,41.0,19.0,290.0,0.0,2,1
597,14.0,51.0,58.0,80.0,87.0,3.0,293.0,0.0,2,1
598,2.0,52.0,90.0,31.0,64.0,88.0,327.0,0.0,2,1
599,89.0,75.0,83.0,4.0,8.0,79.0,338.0,0.0,2,1
600,74.0,89.0,48.0,88.0,41.0,53.0,393.0,1.0,1,1
601,14.0,57.0,55.0,59.0,63.0,79.0,327.0,1.0,2,1
602,70.0,22.0,42.0,13.0,26.0,92.0,265.0,0.0,3,1
603,81.0,85.0,16.0,36.0,64.0,9.0,291.0,0.0,2,1
604,60.0,88.0,31.0,55.0,19.0,84.0,337.0,0.0,2,1
605,16.0,34.0,89.0,5.0,63.0,68.0,275.0,0.0,2,1
606,1.0,75.0,61.0,2.0,71.0,38.0,248.0,0.0,3,1
607,2.0,13.0,2.0,67.0,31.0,37.0,152.0,0.0,0,0
608,85.0,2.0,67.0,92.0,51.0,38.0,335.0,1.0,2,1
609,51.0,66.0,17.0,78.0,53.0,1.0,266.0,0.0,3,1
610,91.0,84.0,3.0,93.0,95.0,49.0,415.0,1.0,1,1
611,29.0,55.0,68.0,73.0,18.0,98.0,341.0,0.0,2,1
612,76.0,93.0,70.0,85.0,51.0,99.0,474.0,1.0,1,1
613,43.0,13.0,35.0,15.0,97.0,48.0,251.0,0.0,3,1
614,99.0,21.0,51.0,97.0,74.0,66.0,408.0,1.0,1,1
615,3.0,36.0,2.0,23.0,75.0,80.0,219.0,0.0,3,1
616,43.0,30.0,12.0,65.0,94.0,30.0,274.0,0.0,2,1
617,99.0,59.0,1.0,92.0,1.0,9.0,261.0,0.0,3,1
618,73.0,22.0,94.0,52.0,57.0,37.0,335.0,1.0,2,1
619,93.0,60.0,77.0,13.0,88.0,75.0,406.0,1.0,1,1
620,18.0,49.0,44.0,20.0,80.0,55.0,266.0,0.0,3,1
621,83.0,95.0,0.0,3.0,30.0,87.0,298.0,0.0,2,1
622,71.0,34.0,53.0,4.0,36.0,73.0,271.0,1.0,2,1
623,18.0,7.0,75.0,65.0,3.0,90.0,258.0,0.0,3,1
624,24.0,16.0,75.0,66.0,91.0,97.0,369.0,0.0,1,1
625,16.0,39.0,38.0,35.0,91.0,49.0,268.0,1.0,3,1
626,14.0,87.0,53.0,52.0,22.0,45.0,273.0,0.0,2,1
627,32.0,84.0,92.0,23.0,74.0,48.0,353.0,0.0,2,1
628,69.0,57.0,76.0,31.0,75.0,99.0,407.0,1.0,1,1
629,52.0,52.0,20.0,28.0,66.0,53.0,271.0,0.0,2,1
630,53.0,59.0,37.0,8.0,39.0,55.0,251.0,1.0,3,1
631,39.0,1.0,17.0,74.0,10.0,5.0,146.0,0.0,0,0
632,52.0,44.0,17.0,67.0,17.0,49.0,246.0,0.0,3,1
633,64.0,36.0,36.0,26.0,85.0,60.0,307.0,1.0,2,1
634,76.0,94.0,65.0,47.0,39.0,13.0,334.0,1.0,2,1
635,26.0,3.0,51.0,55.0,20.0,37.0,192.0,0.0,0,0
636,41.0,10.0,20.0,16.0,10.0,48.0,145.0,0.0,0,0
637,90.0,64.0,56.0,47.0,13.0,7.0,277.0,0.0,2,1
638,50.0,3.0,32.0,64.0,52.0,43.0,244.0,0.0,3,1
639,61.0,60.0,81.0,19.0,24.0,72.0,317.0,0.0,2,1
640,17.0,7.0,46.0,79.0,33.0,86.0,268.0,0.0,3,1
641,75.0,84.0,10.0,10.0,75.0,98.0,352.0,0.0,2,1
642,42.0,16.0,72.0,93.0,37.0,16.0,276.0,0.0,2,1
643,25.0,37.0,4.0,37.0,41.0,28.0,172.0,0.0,0,0
644,19.0,42.0,40.0,67.0,2.0,98.0,268.0,0.0,3,1
645,21.0,73.0,9.0,26.0,16.0,62.0,207.0,0.0,3,1
646,85.0,33.0,4.0,84.0,11.0,73.0,290.0,0.0,2,1
647,14.0,10.0,29.0,97.0,68.0,20.0,238.0,0.0,3,1
648,20.0,86.0,33.0,19.0,10.0,62.0,230.0,0.0,3,1
649,52.0,25.0,46.0,64.0,70.0,60.0,317.0,1.0,2,1
650,90.0,51.0,74.0,25.0,23.0,95.0,358.0,0.0,2,1
651,23.0,22.0,35.0,78.0,43.0,79.0,280.0,0.0,2,1
652,49.0,13.0,22.0,69.0,58.0,63.0,274.0,0.0,2,1
653,39.0,73.0,43.0,86.0,2.0,31.0,274.0,0.0,2,1
654,2.0,73.0,81.0,5.0,42.0,36.0,239.0,0.0,3,1
655,5.0,86.0,35.0,80.0,0.0,83.0,289.0,0.0,2,1
656,90.0,35.0,27.0,53.0,52.0,80.0,337.0,1.0,2,1
657,73.0,31.0,75.0,12.0,46.0,49.0,286.0,0.0,2,1
658,44.0,68.0,82.0,47.0,12.0,99.0,352.0,1.0,2,1
659,97.0,10.0,7.0,67.0,89.0,0.0,270.0,0.0,0,1
660,37.0,29.0,79.0,87.0,40.0,88.0,360.0,1.0,0,1
661,54.0,26.0,34.0,63.0,30.0,43.0,250.0,0.0,3,1
662,12.0,18.0,14.0,61.0,49.0,0.0,154.0,0.0,0,0
663,1.0,72.0,55.0,95.0,57.0,19.0,299.0,0.0,2,1
664,24.0,44.0,95.0,94.0,12.0,78.0,347.0,0.0,2,1
665,40.0,11.0,39.0,11.0,28.0,9.0,138.0,0.0,0,0
666,16.0,12.0,99.0,71.0,37.0,35.0,270.0,0.0,0,1
667,73.0,11.0,47.0,37.0,13.0,72.0,253.0,0.0,3,1
668,25.0,88.0,18.0,8.0,2.0,1.0,142.0,0.0,0,0
669,32.0,6.0,60.0,45.0,52.0,93.0,288.0,0.0,2,1
670,99.0,90.0,81.0,60.0,83.0,50.0,463.0,1.0,1,1
671,4.0,75.0,9.0,9.0,65.0,78.0,240.0,0.0,3,1
672,36.0,61.0,99.0,43.0,97.0,8.0,344.0,1.0,2,1
673,99.0,55.0,37.0,97.0,0.0,45.0,333.0,1.0,2,1
674,88.0,55.0,97.0,38.0,69.0,80.0,427.0,1.0,1,1
675,17.0,28.0,25.0,92.0,94.0,89.0,345.0,0.0,2,1
676,41.0,26.0,70.0,73.0,40.0,47.0,297.0,1.0,2,1
677,51.0,50.0,48.0,23.0,15.0,5.0,192.0,0.0,0,0
678,66.0,22.0,45.0,36.0,32.0,45.0,246.0,0.0,3,1
679,3.0,83.0,0.0,17.0,72.0,61.0,236.0,0.0,3,1
680,29.0,51.0,6.0,8.0,26.0,36.0,156.0,0.0,0,0
681,74.0,88.0,90.0,74.0,69.0,84.0,479.0,1.0,1,1
682,92.0,83.0,2.0,36.0,62.0,67.0,342.0,1.0,2,1
683,27.0,15.0,1.0,2.0,53.0,85.0,183.0,0.0,0,0
684,74.0,5.0,0.0,58.0,92.0,60.0,289.0,0.0,2,1
685,68.0,12.0,74.0,2.0,58.0,93.0,307.0,0.0,2,1
686,14.0,96.0,96.0,16.0,58.0,76.0,356.0,0.0,2,1
687,96.0,68.0,37.0,62.0,57.0,28.0,348.0,1.0,2,1
688,76.0,66.0,50.0,47.0,55.0,48.0,342.0,1.0,2,1
689,13.0,60.0,14.0,26.0,9.0,70.0,192.0,0.0,0,0
690,17.0,14.0,64.0,87.0,46.0,83.0,311.0,0.0,2,1
691,48.0,63.0,55.0,17.0,77.0,89.0,349.0,1.0,2,1
692,26.0,78.0,23.0,57.0,32.0,25.0,241.0,0.0,3,1
693,57.0,91.0,63.0,96.0,46.0,70.0,423.0,1.0,1,1
694,78.0,20.0,77.0,10.0,92.0,26.0,303.0,0.0,2,1
695,71.0,16.0,69.0,60.0,28.0,26.0,270.0,0.0,0,1
696,11.0,3.0,74.0,91.0,18.0,81.0,278.0,0.0,2,1
697,47.0,42.0,11.0,43.0,59.0,77.0,279.0,1.0,2,1
698,57.0,81.0,61.0,28.0,22.0,56.0,305.0,0.0,2,1
699,50.0,78.0,96.0,40.0,65.0,56.0,385.0,1.0,1,1
700,68.0,28.0,51.0,23.0,23.0,69.0,262.0,0.0,3,1
701,49.0,83.0,62.0,16.0,54.0,63.0,327.0,1.0,2,1
702,61.0,52.0,15.0,2.0,88.0,62.0,280.0,0.0,2,1
703,25.0,2.0,43.0,31.0,58.0,38.0,197.0,0.0,0,0
704,85.0,3.0,86.0,59.0,7.0,88.0,328.0,0.0,2,1
705,0.0,36.0,19.0,86.0,0.0,49.0,190.0,0.0,0,0
706,67.0,79.0,58.0,84.0,54.0,7.0,349.0,1.0,2,1
707,88.0,66.0,24.0,73.0,33.0,89.0,373.0,0.0,1,1
708,0.0,48.0,94.0,73.0,52.0,96.0,363.0,1.0,1,1
709,2.0,57.0,20.0,18.0,46.0,10.0,153.0,0.0,0,0
710,91.0,60.0,14.0,15.0,54.0,82.0,316.0,0.0,2,1
711,38.0,65.0,20.0,36.0,34.0,37.0,230.0,1.0,3,1
712,18.0,6.0,32.0,59.0,82.0,93.0,290.0,0.0,2,1
713,24.0,41.0,94.0,85.0,72.0,90.0,406.0,1.0,1,1
714,13.0,59.0,12.0,53.0,72.0,60.0,269.0,0.0,3,1
715,41.0,6.0,45.0,45.0,73.0,96.0,306.0,1.0,2,1
716,74.0,98.0,88.0,14.0,24.0,86.0,384.0,0.0,1,1
717,4.0,82.0,46.0,7.0,68.0,60.0,267.0,0.0,3,1
718,25.0,31.0,82.0,81.0,42.0,21.0,282.0,0.0,2,1
719,4.0,72.0,20.0,76.0,91.0,83.0,346.0,0.0,2,1
720,73.0,18.0,3.0,55.0,77.0,87.0,313.0,0.0,2,1
721,77.0,54.0,27.0,85.0,11.0,25.0,279.0,0.0,2,1
722,55.0,50.0,53.0,65.0,36.0,35.0,294.0,1.0,2,1
723,55.0,19.0,38.0,46.0,80.0,20.0,258.0,0.0,3,1
724,94.0,69.0,37.0,20.0,68.0,86.0,374.0,1.0,1,1
725,93.0,32.0,57.0,8.0,85.0,7.0,282.0,0.0,2,1
726,96.0,34.0,30.0,76.0,62.0,68.0,366.0,1.0,1,1
727,82.0,74.0,64.0,67.0,23.0,14.0,324.0,0.0,2,1
728,3.0,89.0,96.0,21.0,78.0,85.0,372.0,0.0,1,1
729,78.0,88.0,29.0,0.0,65.0,15.0,275.0,0.0,2,1
730,82.0,51.0,76.0,75.0,9.0,29.0,322.0,0.0,2,1
731,26.0,2.0,53.0,1.0,92.0,41.0,215.0,0.0,3,1
732,54.0,30.0,84.0,51.0,4.0,18.0,241.0,0.0,3,1
733,12.0,27.0,5.0,36.0,87.0,63.0,230.0,0.0,3,1
734,16.0,37.0,64.0,95.0,24.0,26.0,262.0,0.0,3,1
735,21.0,97.0,67.0,45.0,24.0,11.0,265.0,0.0,3,1
736,16.0,41.0,95.0,43.0,99.0,7.0,301.0,0.0,2,1
737,77.0,60.0,44.0,86.0,47.0,22.0,336.0,1.0,2,1
738,46.0,93.0,58.0,39.0,12.0,61.0,309.0,1.0,2,1
739,5.0,72.0,44.0,85.0,73.0,75.0,354.0,1.0,2,1
740,2.0,20.0,96.0,15.0,39.0,51.0,223.0,0.0,3,1
741,19.0,69.0,31.0,5.0,30.0,75.0,229.0,0.0,3,1
742,23.0,3.0,98.0,4.0,64.0,39.0,231.0,0.0,3,1
743,17.0,64.0,3.0,32.0,83.0,74.0,273.0,0.0,2,1
744,93.0,6.0,11.0,7.0,27.0,79.0,223.0,0.0,3,1
745,62.0,82.0,36.0,20.0,40.0,46.0,286.0,1.0,2,1
746,45.0,60.0,18.0,44.0,53.0,1.0,221.0,0.0,3,1
747,2.0,41.0,3.0,98.0,35.0,57.0,236.0,0.0,3,1
748,0.0,96.0,80.0,74.0,70.0,42.0,362.0,1.0,1,1
749,9.0,11.0,1.0,62.0,20.0,36.0,139.0,0.0,0,0
750,72.0,78.0,62.0,32.0,72.0,53.0,369.0,1.0,1,1
751,20.0,92.0,15.0,82.0,92.0,61.0,362.0,0.0,1,1
752,71.0,31.0,36.0,96.0,55.0,85.0,374.0,1.0,1,1
753,71.0,50.0,70.0,4.0,92.0,10.0,297.0,0.0,2,1
754,51.0,88.0,53.0,10.0,94.0,20.0,316.0,0.0,2,1
755,91.0,78.0,67.0,97.0,99.0,8.0,440.0,1.0,1,1
756,47.0,71.0,5.0,37.0,65.0,40.0,265.0,1.0,3,1
757,87.0,73.0,74.0,84.0,4.0,11.0,333.0,0.0,2,1
758,54.0,30.0,33.0,17.0,1.0,38.0,173.0,0.0,0,0
759,99.0,13.0,76.0,95.0,91.0,73.0,447.0,1.0,1,1
760,44.0,20.0,36.0,33.0,22.0,86.0,241.0,0.0,3,1
761,98.0,51.0,29.0,19.0,60.0,24.0,281.0,0.0,2,1
762,5.0,62.0,5.0,79.0,33.0,16.0,200.0,0.0,3,1
763,64.0,9.0,42.0,44.0,76.0,7.0,242.0,0.0,3,1
764,39.0,18.0,56.0,53.0,29.0,78.0,273.0,0.0,2,1
765,4.0,16.0,92.0,45.0,7.0,71.0,235.0,0.0,3,1
766,23.0,52.0,87.0,94.0,16.0,27.0,299.0,0.0,2,1
767,49.0,99.0,32.0,30.0,57.0,53.0,320.0,0.0,2,1
768,81.0,86.0,45.0,11.0,29.0,13.0,265.0,0.0,3,1
769,97.0,66.0,70.0,83.0,75.0,49.0,440.0,1.0,1,1
770,82.0,64.0,65.0,74.0,96.0,38.0,419.0,1.0,1,1
771,61.0,83.0,54.0,99.0,47.0,72.0,416.0,1.0,1,1
772,6.0,6.0,35.0,48.0,85.0,68.0,248.0,0.0,3,1
773,7.0,23.0,27.0,45.0,50.0,6.0,158.0,0.0,0,0
774,15.0,0.0,93.0,89.0,99.0,42.0,338.0,0.0,2,1
775,88.0,67.0,82.0,68.0,21.0,68.0,394.0,1.0,1,1
776,91.0,88.0,80.0,84.0,19.0,80.0,442.0,1.0,1,1
777,20.0,48.0,2.0,10.0,61.0,41.0,182.0,0.0,0,0
778,55.0,96.0,71.0,72.0,66.0,26.0,386.0,1.0,1,1
779,90.0,35.0,68.0,5.0,76.0,5.0,279.0,0.0,2,1
780,31.0,75.0,43.0,70.0,95.0,23.0,337.0,0.0,2,1
781,47.0,15.0,97.0,90.0,9.0,26.0,284.0,0.0,2,1
782,35.0,32.0,72.0,82.0,99.0,10.0,330.0,0.0,2,1
783,0.0,96.0,98.0,73.0,97.0,91.0,455.0,1.0,1,1
784,83.0,68.0,56.0,11.0,90.0,21.0,329.0,0.0,2,1
785,2.0,8.0,32.0,41.0,92.0,88.0,263.0,0.0,3,1
786,74.0,40.0,41.0,6.0,84.0,60.0,305.0,1.0,2,1
787,93.0,94.0,30.0,97.0,58.0,27.0,399.0,0.0,1,1
788,37.0,71.0,59.0,16.0,36.0,29.0,248.0,0.0,3,1
789,78.0,70.0,56.0,94.0,36.0,72.0,406.0,1.0,1,1
790,57.0,42.0,7.0,44.0,44.0,71.0,265.0,1.0,3,1
791,45.0,55.0,50.0,45.0,34.0,7.0,236.0,1.0,3,1
792,65.0,56.0,83.0,7.0,54.0,22.0,287.0,0.0,2,1
793,47.0,42.0,50.0,18.0,90.0,30.0,277.0,0.0,2,1
794,49.0,80.0,93.0,69.0,79.0,14.0,384.0,1.0,1,1
795,79.0,29.0,21.0,99.0,66.0,81.0,375.0,0.0,1,1
796,2.0,65.0,69.0,4.0,86.0,89.0,315.0,0.0,2,1
797,91.0,96.0,63.0,93.0,92.0,4.0,439.0,1.0,1,1
798,23.0,64.0,89.0,76.0,15.0,98.0,365.0,0.0,1,1
799,30.0,87.0,30.0,56.0,63.0,39.0,305.0,0.0,2,1
800,3.0,39.0,88.0,98.0,76.0,86.0,390.0,1.0,1,1
801,74.0,46.0,46.0,49.0,72.0,27.0,314.0,1.0,2,1
802,3.0,53.0,64.0,64.0,88.0,42.0,314.0,1.0,2,1
803,38.0,15.0,44.0,68.0,47.0,10.0,222.0,0.0,3,1
804,33.0,85.0,59.0,21.0,70.0,21.0,289.0,0.0,2,1
805,60.0,79.0,67.0,1.0,35.0,25.0,267.0,0.0,3,1
806,98.0,18.0,84.0,43.0,1.0,26.0,270.0,0.0,0,1
807,63.0,46.0,94.0,92.0,34.0,1.0,330.0,1.0,2,1
808,13.0,77.0,95.0,61.0,65.0,96.0,407.0,1.0,1,1
809,87.0,53.0,41.0,16.0,23.0,3.0,223.0,0.0,3,1
810,14.0,56.0,92.0,81.0,87.0,97.0,427.0,1.0,1,1
811,77.0,62.0,72.0,6.0,35.0,2.0,254.0,0.0,3,1
812,89.0,9.0,83.0,95.0,57.0,8.0,341.0,0.0,2,1
813,31.0,39.0,64.0,41.0,35.0,9.0,219.0,0.0,3,1
814,24.0,57.0,29.0,51.0,93.0,93.0,347.0,0.0,2,1
815,8.0,3.0,74.0,92.0,35.0,44.0,256.0,0.0,3,1
816,17.0,23.0,21.0,4.0,17.0,45.0,127.0,0.0,0,0
817,46.0,71.0,95.0,56.0,79.0,96.0,443.0,1.0,1,1
818,67.0,76.0,76.0,16.0,58.0,49.0,342.0,1.0,2,1
819,40.0,73.0,26.0,95.0,86.0,75.0,395.0,1.0,1,1
820,89.0,46.0,82.0,96.0,1.0,84.0,398.0,1.0,1,1
821,30.0,17.0,39.0,40.0,11.0,92.0,229.0,0.0,3,1
822,99.0,22.0,82.0,78.0,92.0,17.0,390.0,0.0,1,1
823,79.0,66.0,78.0,79.0,44.0,11.0,357.0,1.0,2,1
824,76.0,67.0,16.0,95.0,62.0,26.0,342.0,0.0,2,1
825,62.0,70.0,59.0,84.0,77.0,36.0,388.0,1.0,1,1
826,76.0,32.0,0.0,94.0,53.0,70.0,325.0,0.0,2,1
827,43.0,67.0,36.0,67.0,40.0,87.0,340.0,1.0,2,1
828,23.0,54.0,58.0,59.0,55.0,72.0,321.0,1.0,2,1
829,87.0,43.0,44.0,56.0,13.0,79.0,322.0,1.0,2,1
830,16.0,76.0,69.0,17.0,15.0,67.0,260.0,0.0,3,1
831,67.0,6.0,20.0,63.0,92.0,6.0,254.0,0.0,3,1
832,30.0,61.0,70.0,46.0,12.0,41.0,260.0,0.0,3,1
833,8.0,57.0,54.0,5.0,81.0,61.0,266.0,0.0,3,1
834,96.0,96.0,82.0,87.0,67.0,53.0,481.0,1.0,1,1
835,24.0,87.0,51.0,0.0,75.0,8.0,245.0,0.0,3,1
836,62.0,12.0,25.0,58.0,82.0,59.0,298.0,0.0,2,1
837,71.0,9.0,38.0,55.0,8.0,91.0,272.0,0.0,2,1
838,92.0,38.0,51.0,94.0,98.0,26.0,399.0,1.0,1,1
839,79.0,62.0,71.0,68.0,84.0,79.0,443.0,1.0,1,1
840,24.0,83.0,85.0,42.0,77.0,80.0,391.0,1.0,1,1
841,5.0,13.0,14.0,38.0,38.0,15.0,123.0,0.0,0,0
842,99.0,53.0,61.0,5.0,10.0,65.0,293.0,0.0,2,1
843,14.0,68.0,80.0,84.0,81.0,20.0,347.0,0.0,2,1
844,16.0,51.0,18.0,69.0,18.0,40.0,212.0,0.0,3,1
845,93.0,30.0,19.0,94.0,17.0,63.0,316.0,0.0,2,1
846,85.0,47.0,73.0,33.0,93.0,27.0,358.0,0.0,2,1
847,39.0,45.0,66.0,93.0,18.0,84.0,345.0,1.0,2,1
848,54.0,61.0,26.0,0.0,43.0,24.0,208.0,0.0,3,1
849,62.0,81.0,43.0,47.0,81.0,75.0,389.0,1.0,1,1
850,63.0,63.0,58.0,63.0,29.0,99.0,375.0,1.0,1,1
851,96.0,76.0,22.0,17.0,20.0,23.0,254.0,0.0,3,1
852,38.0,8.0,77.0,37.0,82.0,70.0,312.0,1.0,2,1
853,50.0,43.0,15.0,16.0,83.0,49.0,256.0,0.0,3,1
854,89.0,5.0,49.0,42.0,35.0,5.0,225.0,0.0,3,1
855,90.0,57.0,33.0,91.0,90.0,14.0,375.0,0.0,1,1
856,73.0,50.0,36.0,76.0,88.0,89.0,412.0,1.0,1,1
857,6.0,94.0,50.0,98.0,82.0,85.0,415.0,1.0,1,1
858,76.0,26.0,9.0,91.0,23.0,14.0,239.0,0.0,3,1
859,2.0,45.0,37.0,32.0,17.0,42.0,175.0,0.0,0,0
860,84.0,36.0,55.0,14.0,22.0,61.0,272.0,0.0,2,1
861,34.0,64.0,45.0,51.0,25.0,54.0,273.0,1.0,2,1
862,77.0,29.0,50.0,33.0,68.0,96.0,353.0,0.0,2,1
863,90.0,91.0,26.0,86.0,55.0,67.0,415.0,1.0,1,1
864,15.0,98.0,19.0,56.0,18.0,71.0,277.0,0.0,2,1
865,88.0,18.0,7.0,39.0,60.0,17.0,229.0,0.0,3,1
866,32.0,8.0,61.0,50.0,53.0,36.0,240.0,0.0,3,1
867,28.0,98.0,83.0,41.0,1.0,94.0,345.0,0.0,2,1
868,48.0,15.0,68.0,35.0,12.0,47.0,225.0,0.0,3,1
869,70.0,42.0,65.0,73.0,43.0,71.0,364.0,1.0,1,1
870,56.0,54.0,34.0,61.0,30.0,19.0,254.0,0.0,3,1
871,34.0,55.0,35.0,69.0,18.0,91.0,302.0,1.0,2,1
872,74.0,28.0,12.0,5.0,19.0,96.0,234.0,0.0,3,1
873,58.0,40.0,55.0,49.0,55.0,0.0,257.0,1.0,3,1
874,59.0,77.0,95.0,14.0,23.0,83.0,351.0,0.0,2,1
875,97.0,63.0,26.0,31.0,93.0,75.0,385.0,0.0,1,1
876,28.0,46.0,70.0,38.0,67.0,89.0,338.0,1.0,2,1
877,91.0,86.0,64.0,32.0,21.0,17.0,311.0,0.0,2,1
878,68.0,73.0,79.0,81.0,78.0,83.0,462.0,1.0,1,1
879,30.0,82.0,86.0,55.0,78.0,18.0,349.0,0.0,2,1
880,29.0,64.0,93.0,40.0,29.0,98.0,353.0,0.0,2,1
881,40.0,35.0,74.0,8.0,35.0,83.0,275.0,1.0,2,1
882,42.0,35.0,95.0,92.0,75.0,77.0,416.0,1.0,1,1
883,65.0,18.0,98.0,90.0,67.0,9.0,347.0,0.0,2,1
884,87.0,37.0,63.0,60.0,19.0,18.0,284.0,0.0,2,1
885,9.0,95.0,24.0,51.0,59.0,68.0,306.0,0.0,2,1
886,48.0,94.0,2.0,28.0,21.0,29.0,222.0,0.0,3,1
887,53.0,0.0,99.0,33.0,41.0,64.0,290.0,0.0,2,1
888,75.0,29.0,15.0,27.0,10.0,16.0,172.0,0.0,0,0
889,58.0,9.0,27.0,3.0,7.0,79.0,183.0,0.0,0,0
890,26.0,91.0,92.0,74.0,9.0,98.0,390.0,0.0,1,1
891,54.0,5.0,40.0,81.0,10.0,13.0,203.0,0.0,3,1
892,97.0,1.0,16.0,83.0,32.0,48.0,277.0,0.0,2,1
893,12.0,25.0,63.0,87.0,3.0,77.0,267.0,0.0,3,1
894,60.0,61.0,30.0,28.0,82.0,77.0,338.0,0.0,2,1
895,87.0,59.0,70.0,56.0,41.0,15.0,328.0,1.0,2,1
896,34.0,22.0,18.0,53.0,52.0,39.0,218.0,0.0,3,1
897,17.0,66.0,12.0,56.0,0.0,53.0,204.0,0.0,3,1
898,87.0,63.0,27.0,44.0,20.0,15.0,256.0,0.0,3,1
899,30.0,38.0,32.0,78.0,29.0,37.0,244.0,0.0,3,1
900,94.0,53.0,21.0,4.0,55.0,54.0,281.0,0.0,2,1
901,53.0,27.0,91.0,9.0,15.0,72.0,267.0,0.0,3,1
902,50.0,81.0,16.0,62.0,8.0,86.0,303.0,0.0,2,1
903,59.0,45.0,87.0,93.0,63.0,24.0,371.0,1.0,1,1
904,27.0,1.0,9.0,57.0,1.0,68.0,163.0,0.0,0,0
905,46.0,53.0,96.0,45.0,60.0,62.0,362.0,1.0,1,1
906,11.0,71.0,69.0,89.0,26.0,70.0,336.0,0.0,2,1
907,42.0,7.0,61.0,64.0,62.0,24.0,260.0,0.0,3,1
908,74.0,89.0,8.0,64.0,66.0,36.0,337.0,1.0,2,1
909,55.0,50.0,28.0,27.0,73.0,25.0,258.0,0.0,3,1
910,62.0,1.0,6.0,71.0,15.0,30.0,185.0,0.0,0,0
911,84.0,82.0,5.0,26.0,21.0,89.0,307.0,0.0,2,1
912,25.0,44.0,57.0,69.0,0.0,38.0,233.0,0.0,3,1
913,4.0,12.0,86.0,20.0,98.0,89.0,309.0,0.0,2,1
914,53.0,80.0,41.0,25.0,49.0,78.0,326.0,1.0,2,1
915,60.0,31.0,79.0,70.0,82.0,80.0,402.0,1.0,1,1
916,23.0,42.0,54.0,38.0,84.0,6.0,247.0,0.0,3,1
917,35.0,89.0,91.0,21.0,1.0,3.0,240.0,0.0,3,1
918,34.0,77.0,8.0,82.0,58.0,67.0,326.0,1.0,2,1
919,43.0,67.0,61.0,9.0,42.0,73.0,295.0,1.0,2,1
920,29.0,15.0,16.0,33.0,33.0,90.0,216.0,0.0,3,1
921,15.0,54.0,3.0,52.0,7.0,18.0,149.0,0.0,0,0
922,92.0,76.0,30.0,18.0,10.0,38.0,264.0,0.0,3,1
923,95.0,9.0,86.0,86.0,8.0,13.0,297.0,0.0,2,1
924,36.0,99.0,67.0,63.0,91.0,16.0,372.0,1.0,1,1
925,66.0,54.0,88.0,66.0,88.0,26.0,388.0,1.0,1,1
926,17.0,90.0,66.0,80.0,6.0,78.0,337.0,0.0,2,1
927,65.0,9.0,81.0,66.0,51.0,35.0,307.0,1.0,2,1
928,9.0,1.0,2.0,64.0,14.0,59.0,149.0,0.0,0,0
929,20.0,32.0,95.0,10.0,44.0,18.0,219.0,0.0,3,1
930,20.0,34.0,46.0,71.0,57.0,28.0,256.0,0.0,3,1
931,54.0,81.0,67.0,27.0,38.0,84.0,351.0,1.0,2,1
932,69.0,73.0,84.0,0.0,56.0,2.0,284.0,0.0,2,1
933,43.0,39.0,89.0,66.0,98.0,85.0,420.0,1.0,1,1
934,14.0,91.0,6.0,38.0,17.0,58.0,224.0,0.0,3,1
935,95.0,49.0,27.0,79.0,75.0,49.0,374.0,1.0,1,1
936,72.0,44.0,0.0,88.0,69.0,72.0,345.0,1.0,2,1
937,83.0,8.0,0.0,33.0,74.0,41.0,239.0,0.0,3,1
938,60.0,73.0,94.0,80.0,15.0,78.0,400.0,1.0,1,1
939,92.0,50.0,61.0,68.0,23.0,50.0,344.0,1.0,2,1
940,51.0,62.0,85.0,83.0,59.0,52.0,392.0,1.0,1,1
941,83.0,80.0,70.0,98.0,16.0,44.0,391.0,1.0,1,1
942,81.0,91.0,54.0,22.0,39.0,1.0,288.0,0.0,2,1
943,85.0,20.0,67.0,26.0,4.0,74.0,276.0,0.0,2,1
944,67.0,73.0,17.0,91.0,21.0,91.0,360.0,0.0,0,1
945,23.0,9.0,19.0,43.0,57.0,81.0,232.0,0.0,3,1
946,95.0,85.0,68.0,53.0,25.0,95.0,421.0,1.0,1,1
947,55.0,89.0,54.0,36.0,67.0,41.0,342.0,1.0,2,1
948,20.0,72.0,36.0,41.0,89.0,64.0,322.0,1.0,2,1
949,74.0,50.0,93.0,92.0,69.0,16.0,394.0,1.0,1,1
950,44.0,20.0,76.0,86.0,91.0,2.0,319.0,0.0,2,1
951,89.0,92.0,97.0,55.0,26.0,93.0,452.0,1.0,1,1
952,58.0,2.0,61.0,39.0,31.0,41.0,232.0,0.0,3,1
953,4.0,6.0,97.0,67.0,92.0,57.0,323.0,0.0,2,1
954,15.0,47.0,87.0,5.0,89.0,91.0,334.0,0.0,2,1
955,22.0,73.0,85.0,10.0,39.0,8.0,237.0,0.0,3,1
956,25.0,37.0,70.0,81.0,1.0,72.0,286.0,0.0,2,1
957,29.0,78.0,63.0,93.0,71.0,77.0,411.0,1.0,1,1
958,80.0,72.0,69.0,78.0,48.0,8.0,355.0,1.0,2,1
959,84.0,10.0,96.0,37.0,7.0,38.0,272.0,0.0,2,1
960,87.0,20.0,96.0,81.0,73.0,41.0,398.0,1.0,1,1
961,40.0,19.0,71.0,17.0,35.0,24.0,206.0,0.0,3,1
962,55.0,65.0,67.0,16.0,63.0,42.0,308.0,1.0,2,1
963,77.0,20.0,33.0,78.0,66.0,5.0,279.0,0.0,2,1
964,98.0,15.0,38.0,69.0,49.0,8.0,277.0,0.0,2,1
965,37.0,53.0,23.0,14.0,40.0,42.0,209.0,0.0,3,1
966,4.0,52.0,43.0,17.0,58.0,96.0,270.0,0.0,0,1
967,72.0,35.0,4.0,46.0,39.0,12.0,208.0,0.0,3,1
968,26.0,31.0,75.0,58.0,56.0,99.0,345.0,0.0,2,1
969,53.0,93.0,13.0,12.0,28.0,94.0,293.0,0.0,2,1
970,89.0,66.0,29.0,73.0,10.0,36.0,303.0,0.0,2,1
971,73.0,56.0,52.0,51.0,15.0,78.0,325.0,1.0,2,1
972,18.0,14.0,26.0,96.0,54.0,36.0,244.0,0.0,3,1
973,37.0,47.0,5.0,95.0,60.0,24.0,268.0,0.0,3,1
974,5.0,94.0,79.0,23.0,36.0,37.0,274.0,0.0,2,1
975,69.0,24.0,83.0,10.0,3.0,82.0,271.0,0.0,2,1
976,86.0,16.0,88.0,31.0,48.0,81.0,350.0,0.0,2,1
977,15.0,93.0,80.0,97.0,73.0,8.0,366.0,0.0,1,1
978,98.0,90.0,12.0,12.0,70.0,84.0,366.0,0.0,1,1
979,12.0,79.0,13.0,28.0,1.0,4.0,137.0,0.0,0,0
980,45.0,64.0,27.0,64.0,69.0,75.0,344.0,1.0,2,1
981,28.0,87.0,54.0,63.0,69.0,96.0,397.0,1.0,1,1
982,76.0,49.0,53.0,93.0,93.0,44.0,408.0,1.0,1,1
983,95.0,65.0,89.0,39.0,56.0,73.0,417.0,1.0,1,1
984,84.0,82.0,46.0,74.0,54.0,46.0,386.0,1.0,1,1
985,12.0,94.0,50.0,84.0,87.0,16.0,343.0,0.0,2,1
986,94.0,61.0,61.0,91.0,65.0,59.0,431.0,1.0,1,1
987,76.0,36.0,53.0,60.0,32.0,27.0,284.0,0.0,2,1
988,96.0,46.0,66.0,87.0,65.0,23.0,383.0,1.0,1,1
989,10.0,4.0,65.0,3.0,46.0,26.0,154.0,0.0,0,0
990,30.0,68.0,30.0,14.0,16.0,6.0,164.0,0.0,0,0
991,98.0,53.0,29.0,61.0,40.0,11.0,292.0,0.0,2,1
992,55.0,94.0,59.0,68.0,82.0,89.0,447.0,1.0,1,1
993,72.0,30.0,34.0,90.0,71.0,36.0,333.0,1.0,2,1
994,94.0,62.0,68.0,84.0,13.0,35.0,356.0,1.0,2,1
995,55.0,89.0,68.0,58.0,13.0,13.0,296.0,0.0,2,1
996,42.0,62.0,25.0,87.0,51.0,68.0,335.0,1.0,2,1
997,9.0,83.0,70.0,14.0,11.0,78.0,265.0,0.0,3,1
998,23.0,82.0,31.0,42.0,84.0,52.0,314.0,0.0,2,1
999,75.0,78.0,68.0,33.0,79.0,91.0,424.0,1.0,1,1
1000,55.0,95.0,50.0,25.0,69.0,12.0,306.0,,2,1
1001,55.0,95.0,50.0,25.0,100.0,12.0,337.0,,2,1
